latitude,longitude,elevation,utc_offset_seconds,timezone,timezone_abbreviation
52.52,13.419998,38.0,0,GMT,GMT

time,temperature_2m (°C),rain (mm),precipitation (mm)
2026-04-11T00:00,3.1,0.00,0.00
2026-04-11T01:00,2.8,0.00,0.00
2026-04-11T02:00,2.4,0.00,0.00
2026-04-11T03:00,1.7,0.00,0.00
2026-04-11T04:00,1.1,0.00,0.00
2026-04-11T05:00,0.7,0.00,0.00
2026-04-11T06:00,1.1,0.00,0.00
2026-04-11T07:00,2.7,0.00,0.00
2026-04-11T08:00,4.2,0.00,0.00
2026-04-11T09:00,6.1,0.00,0.00
2026-04-11T10:00,8.3,0.00,0.00
2026-04-11T11:00,10.0,0.00,0.00
2026-04-11T12:00,11.4,0.00,0.00
2026-04-11T13:00,12.4,0.00,0.00
2026-04-11T14:00,12.8,0.00,0.00
2026-04-11T15:00,12.9,0.00,0.00
2026-04-11T16:00,12.8,0.00,0.00
2026-04-11T17:00,12.3,0.00,0.00
2026-04-11T18:00,11.4,0.00,0.00
2026-04-11T19:00,10.1,0.00,0.00
2026-04-11T20:00,8.7,0.00,0.00
2026-04-11T21:00,7.6,0.00,0.00
2026-04-11T22:00,7.0,0.00,0.00
2026-04-11T23:00,6.3,0.00,0.00
2026-04-12T00:00,5.8,0.00,0.00
2026-04-12T01:00,5.4,0.00,0.00
2026-04-12T02:00,5.2,0.00,0.00
2026-04-12T03:00,5.0,0.00,0.00
2026-04-12T04:00,5.1,0.00,0.00
2026-04-12T05:00,5.2,0.00,0.00
2026-04-12T06:00,5.7,0.00,0.00
2026-04-12T07:00,6.3,0.00,0.00
2026-04-12T08:00,7.1,0.00,0.00
2026-04-12T09:00,7.7,0.00,0.00
2026-04-12T10:00,8.1,0.30,0.30
2026-04-12T11:00,8.9,0.00,0.00
2026-04-12T12:00,9.6,0.00,0.00
2026-04-12T13:00,10.1,0.00,0.00
2026-04-12T14:00,10.5,0.00,0.00
2026-04-12T15:00,10.6,0.00,0.00
2026-04-12T16:00,10.5,0.00,0.00
2026-04-12T17:00,10.5,0.00,0.00
2026-04-12T18:00,10.3,0.00,0.00
2026-04-12T19:00,9.9,0.20,0.20
2026-04-12T20:00,9.6,0.10,0.10
2026-04-12T21:00,9.2,0.00,0.00
2026-04-12T22:00,8.9,0.40,0.40
2026-04-12T23:00,9.0,0.30,0.30
2026-04-13T00:00,8.7,0.12,0.12
2026-04-13T01:00,8.0,0.08,0.08
2026-04-13T02:00,7.4,0.10,0.10
2026-04-13T03:00,7.1,0.00,0.00
2026-04-13T04:00,6.7,0.00,0.00
2026-04-13T05:00,6.7,0.00,0.00
2026-04-13T06:00,7.0,0.00,0.00
2026-04-13T07:00,7.5,0.00,0.00
2026-04-13T08:00,8.6,0.00,0.00
2026-04-13T09:00,9.9,0.00,0.00
2026-04-13T10:00,10.5,0.30,0.30
2026-04-13T11:00,12.1,0.00,0.00
2026-04-13T12:00,14.2,0.00,0.00
2026-04-13T13:00,15.5,0.00,0.00
2026-04-13T14:00,16.4,0.00,0.00
2026-04-13T15:00,16.9,0.00,0.00
2026-04-13T16:00,16.5,0.00,0.00
2026-04-13T17:00,16.0,0.00,0.00
2026-04-13T18:00,14.7,0.00,0.00
2026-04-13T19:00,13.6,0.00,0.00
2026-04-13T20:00,12.8,0.00,0.00
2026-04-13T21:00,12.1,0.00,0.00
2026-04-13T22:00,11.4,0.00,0.00
2026-04-13T23:00,10.7,0.00,0.00
2026-04-14T00:00,10.1,0.00,0.00
2026-04-14T01:00,9.5,0.00,0.00
2026-04-14T02:00,8.9,0.00,0.00
2026-04-14T03:00,8.3,0.00,0.00
2026-04-14T04:00,7.8,0.00,0.00
2026-04-14T05:00,7.5,0.00,0.00
2026-04-14T06:00,8.1,0.00,0.00
2026-04-14T07:00,9.2,0.00,0.00
2026-04-14T08:00,10.8,0.00,0.00
2026-04-14T09:00,12.2,0.00,0.00
2026-04-14T10:00,13.1,0.00,0.10
2026-04-14T11:00,13.8,0.00,0.10
2026-04-14T12:00,14.0,0.00,0.10
2026-04-14T13:00,13.3,0.00,0.30
2026-04-14T14:00,12.0,0.00,0.30
2026-04-14T15:00,11.0,0.00,0.30
2026-04-14T16:00,10.5,0.10,0.20
2026-04-14T17:00,10.2,0.10,0.20
2026-04-14T18:00,9.9,0.10,0.20
2026-04-14T19:00,9.2,0.70,0.70
2026-04-14T20:00,8.5,0.70,0.70
2026-04-14T21:00,7.9,0.70,0.70
2026-04-14T22:00,7.6,0.80,0.80
2026-04-14T23:00,7.5,0.80,0.80
2026-04-15T00:00,7.3,0.80,0.80
2026-04-15T01:00,7.1,0.00,0.00
2026-04-15T02:00,6.8,0.00,0.00
2026-04-15T03:00,6.5,0.00,0.00
2026-04-15T04:00,6.2,0.00,0.00
2026-04-15T05:00,5.9,0.00,0.00
2026-04-15T06:00,5.9,0.00,0.00
2026-04-15T07:00,6.3,0.00,0.00
2026-04-15T08:00,7.0,0.00,0.00
2026-04-15T09:00,7.7,0.00,0.00
2026-04-15T10:00,8.2,0.00,0.00
2026-04-15T11:00,8.6,0.00,0.00
2026-04-15T12:00,9.0,0.00,0.00
2026-04-15T13:00,9.2,0.00,0.00
2026-04-15T14:00,9.3,0.00,0.00
2026-04-15T15:00,9.2,0.00,0.00
2026-04-15T16:00,9.1,0.00,0.00
2026-04-15T17:00,8.9,0.00,0.00
2026-04-15T18:00,8.4,0.00,0.00
2026-04-15T19:00,7.7,0.00,0.00
2026-04-15T20:00,6.8,0.00,0.00
2026-04-15T21:00,5.9,0.00,0.00
2026-04-15T22:00,5.2,0.00,0.00
2026-04-15T23:00,4.5,0.00,0.00
2026-04-16T00:00,3.9,0.00,0.00
2026-04-16T01:00,3.6,0.00,0.00
2026-04-16T02:00,3.5,0.00,0.00
2026-04-16T03:00,3.4,0.00,0.00
2026-04-16T04:00,3.4,0.00,0.00
2026-04-16T05:00,3.4,0.00,0.00
2026-04-16T06:00,3.7,0.00,0.00
2026-04-16T07:00,4.4,0.00,0.00
2026-04-16T08:00,5.4,0.00,0.00
2026-04-16T09:00,6.7,0.00,0.00
2026-04-16T10:00,8.6,0.00,0.00
2026-04-16T11:00,10.8,0.00,0.00
2026-04-16T12:00,12.5,0.00,0.00
2026-04-16T13:00,13.4,0.00,0.00
2026-04-16T14:00,13.8,0.00,0.00
2026-04-16T15:00,13.8,0.00,0.00
2026-04-16T16:00,13.4,0.00,0.00
2026-04-16T17:00,12.6,0.00,0.00
2026-04-16T18:00,11.8,0.00,0.00
2026-04-16T19:00,10.8,0.00,0.00
2026-04-16T20:00,9.8,0.00,0.00
2026-04-16T21:00,8.9,0.00,0.00
2026-04-16T22:00,8.3,0.00,0.00
2026-04-16T23:00,7.9,0.00,0.00
2026-04-17T00:00,7.5,0.00,0.00
2026-04-17T01:00,7.1,0.00,0.00
2026-04-17T02:00,6.8,0.00,0.00
2026-04-17T03:00,6.7,0.00,0.00
2026-04-17T04:00,6.5,0.00,0.00
2026-04-17T05:00,6.6,0.00,0.00
2026-04-17T06:00,7.2,0.00,0.00
2026-04-17T07:00,9.0,0.00,0.00
2026-04-17T08:00,11.4,0.00,0.00
2026-04-17T09:00,13.4,0.00,0.00
2026-04-17T10:00,14.8,0.00,0.00
2026-04-17T11:00,15.9,0.00,0.00
2026-04-17T12:00,16.5,0.00,0.00
2026-04-17T13:00,16.7,0.00,0.00
2026-04-17T14:00,16.4,0.00,0.00
2026-04-17T15:00,16.0,0.00,0.00
2026-04-17T16:00,15.6,0.00,0.00
2026-04-17T17:00,15.0,0.00,0.00
2026-04-17T18:00,14.4,0.00,0.00
2026-04-17T19:00,13.6,0.00,0.00
2026-04-17T20:00,12.7,0.00,0.00
2026-04-17T21:00,11.8,0.00,0.00
2026-04-17T22:00,11.0,0.00,0.00
2026-04-17T23:00,10.2,0.00,0.00
